label,nose_x,nose_y,nose_z,nose_v,left_shoulder_x,left_shoulder_y,left_shoulder_z,left_shoulder_v,right_shoulder_x,right_shoulder_y,right_shoulder_z,right_shoulder_v,left_hip_x,left_hip_y,left_hip_z,left_hip_v,right_hip_x,right_hip_y,right_hip_z,right_hip_v,left_knee_x,left_knee_y,left_knee_z,left_knee_v,right_knee_x,right_knee_y,right_knee_z,right_knee_v,left_ankle_x,left_ankle_y,left_ankle_z,left_ankle_v,right_ankle_x,right_ankle_y,right_ankle_z,right_ankle_v
up,0.5549899339675903,0.19444577395915985,-0.10432374477386475,0.9998815655708313,0.5863180160522461,0.23831476271152496,0.07160308212041855,0.9999028444290161,0.5198953151702881,0.2464022934436798,0.05030063912272453,0.9996936321258545,0.5719674229621887,0.4009871482849121,0.011137743480503559,0.999674379825592,0.5357233285903931,0.3997476100921631,-0.011053758673369884,0.9994328022003174,0.5731691718101501,0.5659342408180237,-0.04016004130244255,0.9706198573112488,0.5368888974189758,0.5664729475975037,-0.0550190806388855,0.9526045918464661,0.5787836313247681,0.7327797412872314,0.024281494319438934,0.9642074108123779,0.5317072868347168,0.7211265563964844,0.02184220962226391,0.9533397555351257
