Model,Precision score,Accuracy score,Recall score,F1 score,Confusion Matrix
LR,0.9941409392970125,0.9941383352872216,0.9941383352872216,0.9941382708330397,"[[428   2]
 [  3 420]]"
SGDC,0.9930628004775374,0.9929660023446659,0.9929660023446659,0.9929652481218887,"[[430   0]
 [  6 417]]"
KNN,0.9852069048557871,0.984759671746776,0.984759671746776,0.9847542228519662,"[[430   0]
 [ 13 410]]"
SVC,0.9775954148756025,0.9765533411488863,0.9765533411488863,0.9765359225986723,"[[430   0]
 [ 20 403]]"
DTC,0.2541200012644154,0.5041031652989449,0.5041031652989449,0.33790235553943304,"[[430   0]
 [423   0]]"
NB,0.2541200012644154,0.5041031652989449,0.5041031652989449,0.33790235553943304,"[[430   0]
 [423   0]]"
RF,0.2541200012644154,0.5041031652989449,0.5041031652989449,0.33790235553943304,"[[430   0]
 [423   0]]"
